path,filename,width,height,bytes,format,mode,sha256,references,reference_count
01-hero-contained-rubbish.webp,01-hero-contained-rubbish.webp,1536,1152,672442,WEBP,RGB,143e32640c9bace72aa5ec7f6d50456c38a45b4147bd3b9d4dccc313a822673d,,0
02-curated-owl-topiary.webp,02-curated-owl-topiary.webp,1448,1086,587884,WEBP,RGB,5a5b835aac0771a2db316a5444f9becdfa0766924fe3d565fc9708564de18fae,,0
03-ikebukuro-crossing.webp,03-ikebukuro-crossing.webp,1536,1152,376604,WEBP,RGB,26c10243d12591cc63d971b272b87de8bc464505cd9cd7919e763eeb352925c3,,0
04-service-robot.webp,04-service-robot.webp,1152,1536,141776,WEBP,RGB,5e5263755061674d472047c926f49320d1c1eb8144ffe5cf5696795a12b0fb90,,0
05-public-maintenance.webp,05-public-maintenance.webp,1152,1536,371428,WEBP,RGB,cc869e3e3cfeff450f3ad6e7bc32e6dcdd88924a9e39f4511c33a0db04e5626e,,0
06-backstage-delivery-wide.webp,06-backstage-delivery-wide.webp,1152,1536,465766,WEBP,RGB,a521bbfbea064a7b91e62d146e85d8ca90f8f5f8625261b37e92c02be0d45ea2,,0
07-smile-beside-the-crack.webp,07-smile-beside-the-crack.webp,1152,1536,241626,WEBP,RGB,a6dfca4a7d6dc03930ee5b72088e15bbbdf0a00079553dc728377a01c24e4686,,0
08-collection-worker-action.webp,08-collection-worker-action.webp,1536,1152,274108,WEBP,RGB,7d179de877577ecf486deadccea1d345dc6b44ce56e2959b20ebd444d62bcf5f,,0
09-collection-worker-portrait.webp,09-collection-worker-portrait.webp,1536,1152,452292,WEBP,RGB,c531984017a178050c26d0b5f3ab30427c28f41521488757688f1209faa0c7cb,,0
10-service-alley.webp,10-service-alley.webp,1152,1536,561132,WEBP,RGB,d26f5c4c2437a9b6b96d3d23a1ceb3d0b0ba00615942597fdfc1087efbdb79c5,,0
android-chrome-192.png,android-chrome-192.png,32,32,2487,PNG,RGBA,99940b9a6b7d70b2048c8f1519353a542ea80729679283360db5d6967884f4e1,,0
android-chrome-512.png,android-chrome-512.png,,,375,,,d4a795351c9b4c5dbeb59b8c4b0e158215db53d85cef007f4994fd2830f9b177,,0
apple-touch-icon.png,apple-touch-icon.png,180,180,37001,PNG,RGBA,bb704b2e72baa346cfb61257e16ffd536c5c430422a6d805369c0cf7eabf64cc,all-the-lonely-people.html | about.html | the-submissive-hoax.html | index.html | city-life.html | honesty-is-not-a-team-player.html | look-busy.html | work-with-us.html | editorial-policy.html | field-notes.html | heres-your-hat-whats-your-hurry.html | help-wanted-not-so-much.html,12
assets/images/brand/eastokyo-crow.jpg,eastokyo-crow.jpg,,,9201,,,e65cffccdfd7962a0476f9527476af2fb42ed4f69525a8ff0486c44f1fd7defc,,0
assets/media/backup-teacher-eikaiwa.png,backup-teacher-eikaiwa.png,1672,941,2697664,PNG,RGB,868de6a5ea5b5fcecdd03cc89af6faea6673444206cc4838b44d4b86664f6502,backup-teacher-eikaiwa.html,1
assets/media/easy-teacher-article.png,easy-teacher-article.png,1586,992,2227269,PNG,RGB,50fd36eac7f4b55d4f4c895d14402e4a916f1f4fe7153c2b05bab55205330aaa,about.html | index.html | city-life.html,3
assets/media/eikaiwa-school-operations.png,eikaiwa-school-operations.png,1672,941,2306320,PNG,RGB,461afd34aa4446cecdfbe63b79a5e627c6d63f7e5cdf2209a12047588c74a495,eikaiwa-school-operations.html,1
assets/media/emergency-classroom-coverage.png,emergency-classroom-coverage.png,1672,941,2813115,PNG,RGB,67761463a6f4476c16f9255d92525126e6c10e055b6eaa78929060ffbf9954a2,emergency-classroom-coverage.html,1
assets/media/englishire-logo.png,englishire-logo.png,1327,380,325075,PNG,RGBA,e699725b2d380c4d4edd5bc9a54b4b445b9020cecee743f73b9e2deb27c75945,backup-teacher-eikaiwa.html | school-collapse-after-three-decades.html | hiring-foreign-teachers-in-japan.html | about.html | how-schools-can-handle-staff-shortages.html | real-cost-of-english-teacher-turnover.html | index.html | city-life.html | work-with-us.html | editorial-policy.html | contact.html | the-end-of-the-easy-teacher.html | eikaiwa-school-operations.html | emergency-classroom-coverage.html,14
assets/media/hiring-foreign-teachers-in-japan.png,hiring-foreign-teachers-in-japan.png,1672,941,2096436,PNG,RGB,9e94f0a6ee93d02bd8cc348a6e85f84fa575b2c68fc8211ff3e3e17787075d64,hiring-foreign-teachers-in-japan.html | index.html,2
assets/media/how-schools-can-handle-staff-shortages.png,how-schools-can-handle-staff-shortages.png,1672,941,2515216,PNG,RGB,d625066c4b55539d8f6969149e0d67d09a1f2cbc18feed9d181eb5644b666f10,how-schools-can-handle-staff-shortages.html | index.html,2
assets/media/real-cost-of-english-teacher-turnover.png,real-cost-of-english-teacher-turnover.png,1672,941,2115497,PNG,RGB,8acb8f915e27ead466924355e8be9e5e9cca0333a0cd96b5cbb6afb2fff76f57,real-cost-of-english-teacher-turnover.html | index.html,2
assets/media/school-collapse-after-three-decades-article.png,school-collapse-after-three-decades-article.png,1672,941,2388294,PNG,RGB,ba3718d279c6cefc31ddf50cd00df8f1850ab32a2f1ea8aed0d111fb935b93c0,school-collapse-after-three-decades.html | index.html,2
eastokyo-crow.png,eastokyo-crow.png,1024,1024,1198736,PNG,RGBA,c275e0002ce2631702ab85fff493cdff0887579ab5dc7012ddfbfc24fa289b92,all-the-lonely-people.html | the-submissive-hoax.html | honesty-is-not-a-team-player.html | look-busy.html | field-notes.html | between-exits.html | heres-your-hat-whats-your-hurry.html | help-wanted-not-so-much.html,8
eastokyo-logo.png,eastokyo-logo.png,180,180,48625,PNG,RGBA,c273a9577457ccdd22c94f963ccdef67ec43faff622f73fe15b80db67161b52e,,0
favicon-16x16.png,favicon-16x16.png,16,16,667,PNG,RGBA,715033040991a0eca650c533c907c2a22cb32777ba0a79fa66b81badcbdcce5f,all-the-lonely-people.html | the-submissive-hoax.html | index.html | honesty-is-not-a-team-player.html | look-busy.html | field-notes.html | between-exits.html | heres-your-hat-whats-your-hurry.html | help-wanted-not-so-much.html,9
favicon-32x32.png,favicon-32x32.png,32,32,1791,PNG,RGBA,47792670b88e6aa34ca8af7a5a5a8726274ab2c4f15d3359dc8805ce9c12e252,all-the-lonely-people.html | the-submissive-hoax.html | index.html | city-life.html | honesty-is-not-a-team-player.html | look-busy.html | field-notes.html | between-exits.html | heres-your-hat-whats-your-hurry.html | help-wanted-not-so-much.html,10
favicon.ico,favicon.ico,256,256,104509,ICO,RGBA,c8327ab561766f7029514a85e358b2be2a0e5d2e2a95469a5f409f2f7da4b238,backup-teacher-eikaiwa.html | school-collapse-after-three-decades.html | hiring-foreign-teachers-in-japan.html | about.html | how-schools-can-handle-staff-shortages.html | real-cost-of-english-teacher-turnover.html | index.html | city-life.html | work-with-us.html | editorial-policy.html | contact.html | the-end-of-the-easy-teacher.html | eikaiwa-school-operations.html | emergency-classroom-coverage.html | 404.html,15
field-note-city-in-transition.webp,field-note-city-in-transition.webp,1448,1086,265476,WEBP,RGB,0af1d03b1cd61fabb42c639807003db95d0ae1cb2fbe03b27941fbf65e078285,field-notes.html | the-end-of-the-easy-teacher.html | heres-your-hat-whats-your-hurry.html,3
field-note-street-guardian.webp,field-note-street-guardian.webp,1537,1023,394220,WEBP,RGB,50b19a0c62092cd315d0a76d1a4a49cd93791cd175bfbba0985f31328ab05297,honesty-is-not-a-team-player.html | field-notes.html,2
field-note-tokyo-time.webp,field-note-tokyo-time.webp,1448,1086,282330,WEBP,RGB,eb39e0adfa380152a3ebe92c2226fb2bac8a400b941ad026f555fb14c4a5b887,look-busy.html | field-notes.html,2
field-note-upward-route.webp,field-note-upward-route.webp,1448,1086,465554,WEBP,RGB,f3e7413cae36d75404f97e21597a9e04bc55251b4df66c9dc4205cc80e3be489,the-submissive-hoax.html | field-notes.html,2
hero-between-exits.webp,hero-between-exits.webp,1448,1086,338012,WEBP,RGB,09841884df293b7e1f9e9716641468a6ed1617c1407f51a648f8443eef1f93ae,between-exits.html,1
story-ikebukuro-east.webp,story-ikebukuro-east.webp,1448,1086,231360,WEBP,RGB,f28b155603c41d8ffd9011dee16ba49999857a95787473b8fdc2133127f69496,between-exits.html,1
story-shinjuku-crossing.webp,story-shinjuku-crossing.webp,1448,1086,375642,WEBP,RGB,dfdcfdbdc507e06e912f23d33da3ce694e1b7bd456de0c7b5643056b4a05b940,between-exits.html | help-wanted-not-so-much.html,2
story-station-gates.webp,story-station-gates.webp,1448,1086,265664,WEBP,RGB,24d8a545fc6a5530a62205f236badec1900c1ff4a13939a17e1b5c7f45c1d125,between-exits.html,1
story-underpass.webp,story-underpass.webp,1536,1024,357560,WEBP,RGB,b4a4aeca2ffb622611382483781c5cf50ada04d634ce65148bb1744d358da0a2,all-the-lonely-people.html | between-exits.html,2
